iter	Accuracy	MultiClass
0	1	0.01297089064
1	1	0.01736502339
